"nama_bank","sandi_bank"
"BANK INDONESIA",001
"BANK BRI (BANK RAKYAT INDONESIA)",002
"BANK MANDIRI",008
"BANK BNI (BANK NEGARA INDONESIA)",009
"BANK DANAMON",011
"BANK DANAMON UNIT USAHA SYARIAH",011
"BANK PERMATA",013
"BANK PERMATA UNIT USAHA SYARIAH",013
"BANK BCA (BANK CENTRAL ASIA)",014
"BANK MAYBANK INDONESIA",016
"BANK MAYBANK UNIT USAHA SYARIAH",016
"BANK PANIN",019
"BANK CIMB NIAGA",022
"BANK CIMB NIAGA UNIT USAHA SYARIAH",022
"BANK UOB INDONESIA",023
"BANK OCBC NISP",028
"BANK OCBC NISP UNIT USAHA SYARIAH",028
"CITIBANK",031
"JPMORGAN CHASE BANK",032
"BANK OF AMERICA",033
"BANK CHINA CONSTRUCTION INDONESIA",036
"BANK ARTHA GRAHA INTERNASIONAL",037
"MUFG BANK (BANK OF TOKYO MITSUBISHI UFJ)",042
"BANK DBS INDONESIA",046
"BANK RESONA PERDANIA",047
"BANK MIZUHO INDONESIA",048
"STANDARD CHARTERED BANK",050
"BANK CAPITAL INDONESIA",054
"BANK BNP PARIBAS INDONESIA",057
"BANK ANZ INDONESIA",061
"DEUTSCHE BANK",067
"BANK OF CHINA (HONG KONG)",069
"BANK BUMI ARTA",076
"BANK HSBC INDONESIA",087
"BANK JTRUST INDONESIA (Eks BANK MUTIARA/CENTURY)",095
"BANK MAYAPADA",097
"BANK BJB (BANK JABAR DAN BANTEN)",110
"BANK DKI JAKARTA",111
"BANK DKI UNIT USAHA SYARIAH",111
"BPD DIY (YOGYAKARTA)",112
"BPD DIY UNIT USAHA SYARIAH",112
"BANK JATENG (JAWA TENGAH)",113
"BANK JATENG UNIT USAHA SYARIAH",113
"BANK JATIM (JAWA TIMUR)",114
"BANK JATIM UNIT USAHA SYARIAH",114
"BPD JAMBI",115
"BPD JAMBI UNIT USAHA SYARIAH",115
"BANK ACEH SYARIAH",116
"BANK SUMUT",117
"BANK SUMUT UNIT USAHA SYARIAH",117
"BANK NAGARI (BANK SUMBAR)",118
"BANK NAGARI UNIT USAHA SYARIAH",118
"BANK RIAU KEPRI SYARIAH",119
"BPD SUMSEL BABEL",120
"BPD SUMSEL BABEL UNIT USAHA SYARIAH",120
"BANK LAMPUNG",121
"BANK KALSEL (BANK KALIMANTAN SELATAN)",122
"BANK KALSEL UNIT USAHA SYARIAH",122
"BANK KALBAR (BANK KALIMANTAN BARAT)",123
"BANK KALBAR UNIT USAHA SYARIAH",123
"BANK KALTIMTARA (BANK KALIMANTAN TIMUR DAN UTARA)",124
"BANK KALTIMTARA UNIT USAHA SYARIAH",124
"BANK KALTENG (BANK KALIMANTAN TENGAH)",125
"BANK SULSELBAR (BANK SULAWESI SELATAN DAN BARAT)",126
"BANK SULSELBAR UNIT USAHA SYARIAH",126
"BANK SULUTGO (BANK SULAWESI UTARA DAN GORONTALO)",127
"BANK NTB SYARIAH",128
"BANK BPD BALI",129
"BANK NTT",130
"BANK MALUKU MALUT",131
"BANK PAPUA",132
"BANK BENGKULU",133
"BANK SULTENG (BANK SULAWESI TENGAH)",134
"BANK SULTRA (BANK SULAWESI TENGGARA)",135
"BANK BPD BANTEN",137
"BANK MUAMALAT",147
"BANK MESTIKA DHARMA",151
"BANK SHINHAN INDONESIA",152
"BANK SINARMAS",153
"BANK MASPION",157
"BANK GANESHA",161
"BANK ICBC INDONESIA",164
"BANK QNB INDONESIA",167
"BANK TABUNGAN NEGARA (BANK BTN)",200
"BANK WOORI SAUDARA INDONESIA 1906",212
"BANK SMBC INDONESIA (Eks BANK BTPN)",213
"BANK NANO SYARIAH",253
"BANK SYARIAH NASIONAL (Eks BANK SWAGUNA)",405
"BANK BJB SYARIAH",425
"BANK MEGA",426
"BANK KB INDONESIA (Eks BANK BUKOPIN)",441
"BANK SYARIAH INDONESIA (BSI)",451
"KROM BANK INDONESIA (Eks BANK BISNIS INTERNASIONAL)",459
"BANK SAQU (Eks BANK JASA JAKARTA)",472
"BANK KEB HANA INDONESIA",484
"BANK MNC INTERNASIONAL",485
"BANK NEO COMMERCE",490
"BANK RAYA INDONESIA (Eks BRI AGRONIAGA)",494
"BANK SBI INDONESIA",498
"BCA DIGITAL (BLU)",501
"BANK NATIONALNOBU",503
"BANK MEGA SYARIAH",506
"BANK INA PERDANA",513
"BANK PANIN DUBAI SYARIAH",517
"BANK KB BUKOPIN SYARIAH",521
"BANK SAHABAT SAMPOERNA",523
"BANK OKE INDONESIA",526
"BANK AMAR INDONESIA",531
"SEABANK INDONESIA",535
"BANK BCA SYARIAH",536
"BANK JAGO",542
"BANK JAGO UNIT USAHA SYARIAH",542
"BANK BTPN SYARIAH",547
"BANK MULTIARTA SENTOSA",548
"HIBANK INDONESIA",553
"BANK INDEX SELINDO",555
"SUPER BANK INDONESIA (Eks BANK FAMA)",562
"BANK MANDIRI TASPEN",564
"BANK VICTORIA INTERNATIONAL",566
"ALLO BANK INDONESIA (Eks BANK HARDA)",567
"BANK IBK INDONESIA (Eks BANK AGRIS)",945
"BANK ALADIN SYARIAH",947
"BANK CTBC INDONESIA",949
